OA11CD,Median16,Mean16,Min16,Max16,Median17,Mean17,Min17,Max17,LSOA11CD
E00004527,"18.78461538","27.4","5.592307692","92.33846154","19.62","32.83333333","7.986666667","102.22",E01000918
E00004525,"24.22","33.2","13.13333333","83.86","25.07272727","36.69090909","11.3","103.7090909",E01000918
E00004522,"23.17272727","29.89090909","8.259090909","83.39090909","25.22380952","34.11904762","10.12380952","100.5428571",E01000919
E00004287,"37.55","49.35","14.9","150.5","54.5","58.02","17.8","180",E01000875
E00004206,"34.925","51.225","15.85","138","49.95","62.625","11.6","175",E01000858
E00004200,"27.68","33.02666667","14.35333333","72.43333333","40.14","44.07333333","17.10666667","84.4",E01000851
E00004281,"48.125","52.55","7.85","128","54.25","57.175","5.85","162.5",E01000864
E00004464,"50","54.15","11.85","150","58.7","57.75","15","125",E01000905
E00004460,"31.18","38.08","8.36","88.36","36.3","45.16","8.18","115.3",E01000902
E00004461,"40","48.45","1.25","200","52.5","60.35","3.9","200",E01000905
E00174650,"31.12","30.54","6.24","49.14","20.9","19.075","8.05","23.5",E01000851
E00174657,"35.14","33.52","8.28","72.86","36.58","367","8.5","73.8",E01000869
E00174654,"23.65714286","30.65714286","5.028571429","81.85714286","33.72857143","40.54285714","5.5","96.61428571",E01000945
E00174655,"22.88571429","30.85714286","5.971428571","89.34285714","23.6","38.95714286","7.885714286","122",E01000852
E00004707,"17.34545455","28.03636364","4.536363636","112.2454545","21.92727273","33.54545455","6.272727273","130.9909091",E01000947
E00004786,"14.05","35.65","2.625","157.45","22.325","43.9","2.45","145",E01000960
E00004705,"14.25","39.225","2.95","187.5","38.425","56.175","4.65","225",E01000948
E00004784,"23.23333333","37.66666667","11.3","105.1555556","30.64","41.89","11.42","107.99",E01000967
E00004654,"12.6","12.4","0.3","22","13.8","13.7","0.3","22",E01000937
E00004653,"35.65","48.7","8.15","126","50.225","73.375","11.25","225",E01000937
E00004650,"26.84","36.48","9.22","109.51","33.3","42.55555556","10.28888889","122.9555556",E01000943
E00004651,"37.76","39.18","9.48","84","52.1","50.96","17.78","93.62",E01000936
E00004658,"29.81875","34.2625","11.6625","79.64375","35.45","39.73125","10.41875","98.56875",E01000939
E00004195,"27.188","32.004","8.412","79.332","25.184","38.32","8.084","102.472",E01000850
E00004216,"21.28333333","42.05","4.75","136.1833333","36.3","56.03333333","4.033333333","160.2",E01000859
E00004297,"33.7","45.3","10.54","147.36","24.48","45.08","8.34","155.26",E01000877
E00004295,"42.29166667","52.91666667","9.191666667","121.625","47.24545455","62.88181818","14.15454545","153.6909091",E01000871
E00004214,"11.36","15.9","1.94","65.04","11.9","19.16","2.38","70.28",E01000858
E00004211,"36.85","48.28333333","15.03333333","120.8166667","37.8","54.3","13.95","170.2833333",E01000856
E00004290,"23.2","36.17142857","6.971428571","95.18571429","37.01666667","45.91666667","7.35","145.7166667",E01000875
E00004529,"19.05714286","27.46785714","8.5","91.31071429","20.688","34.132","7.86","119.984",E01000919
E00004473,"54.2","55","7.975","144","57.26","65.86","8.38","176",E01000906
E00004478,"29.74545455","44.41818182","8.245454545","140.3636364","38.52727273","55.93636364","10.24545455","158.1818182",E01000904
E00004797,"28.98","37.98","9.25","106.27","35.55","46.1","10.17","150.21",E01000960
E00004716,"25.86666667","41.66666667","2.6","200","29.03333333","51.9","8.5","200",E01000950
E00004714,"13.54285714","20.6","5.042857143","61.08571429","17.58571429","27.98571429","4.685714286","106.7",E01000946
E00004795,"44.81428571","53.84285714","8.842857143","144.5714286","50.54285714","73.17142857","8.557142857","174.2857143",E01000964
E00004710,"38.15","41.93333333","9.533333333","114","45.55","63.35","11.71666667","183.3333333",E01000947
E00004791,"50.175","48.525","7.125","107.125","55.475","60.65","9.65","137.75",E01000964
E00004626,"25.91666667","37.91666667","8.633333333","103.8333333","31.51666667","39.61666667","7.716666667","120.5166667",E01000934
E00004623,"29.025","39.55","7.55","132.8","35.275","45.5","6.1","161.1",E01000933
E00004344,"39.075","48.9125","6.7","133.9","55.525","59.1625","9.475","133.75",E01000883
E00004345,"38.07777778","39.4","6.033333333","89.27777778","39.34444444","46.33333333","8.6","109.4111111",E01000885
E00004536,"20.01904762","32.62857143","7.8","105.1666667","33.93","43.385","8.33","114.91",E01000916
E00004531,"26","38.84","7.46","144.28","31.84","48.62","9.26","154.62",E01000920
E00004446,"28.33333333","41.93333333","7.766666667","142","29.03333333","44.8","7.6","166.6666667",E01000902
E00004441,"36.36666667","44.43333333","13.5","119.8166667","37.75","52.51666667","12.75","147.3333333",E01000903
E00004636,"18.35","23.3","3.3","67.45","18.7","27.45","4.05","68.7",E01000935
E00004635,"17.85","23.65","4.35","68.45","19.2","26.35","6.7","67.25",E01000935
E00004632,"31.225","41.225","7.65","132.85","35.1","48.25","8.275","162.5",E01000935
E00004162,"33.4","46","4.9","200","39","56.85","6.75","200",E01000844
E00004266,"38.16666667","52.53333333","10.8","184","40.8","63.46666667","11.96666667","200",E01000870
E00004260,"12.05","17.35","5.85","54.9","14.05","22.9","3","70.05",E01000868
E00004426,"19.775","34.4","5.2","135.525","32.4375","50.9875","5.7","177.75",E01000896
E00004427,"23.71","52.65","5.38","171.6","40.19","66.44","6.21","200.4",E01000896
E00004425,"30.21428571","41.52857143","4.3","143.4285714","31.15714286","48.4","3.671428571","178.5714286",E01000896
E00004825,"37.2","47.23333333","9.733333333","133.3333333","59.26666667","68","13.56666667","183.3333333",E01000970
E00004822,"44.73333333","49.23333333","6.866666667","184","43.53333333","58.5","6.6","200",E01000971
E00004821,"34.73333333","52.83333333","6.433333333","166.6666667","33.73333333","47.8","8.433333333","166.6666667",E01000970
E00004828,"41.16666667","47.3","11.63333333","184","48.33333333","53.53333333","15.03333333","184",E01000972
E00004829,"38.43333333","56.83333333","12.53333333","184","48.33333333","66.53333333","12.23333333","200",E01000972
E00004357,"28.2","51.08","6.42","180","29.28","70.84","6.34","200",E01000880
E00004358,"32.84","50.12","9.08","171.2","39.52","59.74","7.98","210.4",E01000878
E00004581,"35.72","42.64","6.5","114.4","42.16","51.1","9.42","140.4",E01000921
E00004500,"36.925","45.175","3.25","176","39.125","44.725","1.55","163",E01000908
E00004589,"38.98333333","54.35","7.433333333","159.8333333","57.5","69.66666667","9.95","200",E01000923
E00004508,"32.06666667","48.08333333","2.583333333","175.3333333","46.61666667","60.33333333","2.216666667","200",E01000909
E00004454,"35.2","46.55","9.6125","131.125","40.9875","56.4875","11.575","187.5",E01000901
E00004455,"41.46","52.04","8.02","160","55.12","67.72","12.02","190",E01000902
E00004452,"32.125","48.425","7.775","163","40.7","57.325","7.25","200",E01000903
E00004453,"30.67142857","42.84285714","8.914285714","128.5","40.55714286","53.07142857","11.92857143","168.5571429",E01000900
E00004450,"42.78","50.8","8.7","151.2","45.24","54.2","8.9","170",E01000900
E00004767,"28.02","39.1","5.34","135.96","30.52","48.7","6.14","151.98",E01000965
E00004765,"37.35","44.825","6.975","146","61.35","67.725","12.975","212.5",E01000953
E00004833,"35.06666667","43.93333333","4.066666667","133.3333333","40","55.4","6.433333333","200",E01000974
E00004839,"12.15","36.25","1.9","176","26.6","35.93333333","2.7","159.4666667",E01000974
E00004327,"46.66666667","53.8","6.166666667","168","52.4","57.6","7.2","200",E01000880
E00004321,"47.87142857","59.15714286","18.22857143","161.6857143","58.32857143","72.92857143","19.25714286","185.7142857",E01000881
E00004328,"32.68","52.28","7.64","170.4","34.41666667","61.25","10.23333333","183.3333333",E01000878
E00004276,"50","54.3","6.5","200","50","59.2","1.2","200",E01000866
E00004277,"50","57.26666667","6.666666667","200","49.16666667","60.86666667","7.333333333","200",E01000869
E00004274,"38.02","50.4","14.18","180","39.84","61.62","16.34","180",E01000870
E00004273,"30.9","44.43333333","7.483333333","143.6666667","36.11666667","49.9","5.716666667","156.6666667",E01000866
E00004279,"34.5","38.76","7.38","98.72","36.48","44.34","7.92","137",E01000864
E00004595,"42.61666667","51.1","11.93333333","142","50.45","63.05","11.86666667","175",E01000923
E00004514,"44.53333333","57.18333333","14.83333333","167.3333333","39.52","62.64","6.98","190.4",E01000910
E00004593,"37.17333333","48.26","9.506666667","136.24","43.6625","57.375","12.04375","153.35",E01000921
E00004512,"39.5","46.6","7.275","169.225","49.375","55.725","6.9","157.5",E01000911
E00004591,"50","55.3","8.766666667","168","57.66666667","72.4","4.866666667","200",E01000925
E00004510,"29.57142857","37.77142857","2.8","127.4571429","35.4375","49.425","3.2625","148.0625",E01000909
E00004518,"35.75","49.525","5.15","150.5","48.75","60.2","7.35","195",E01000911
E00004599,"22.58","31.4","4.62","123.84","31.7","47.92","5.86","145.2",E01000924
E00004776,"31.41428571","40.55714286","6.842857143","119.1142857","38.8","52.92857143","6.442857143","150.3142857",E01000962
E00004771,"41.67142857","58.42857143","11.82857143","172.5714286","54.05555556","69.83333333","15.9","173.3333333",E01000967
E00004696,"38.93333333","40.53333333","5.333333333","166.6666667","38.66666667","55.93333333","9.166666667","183.3333333",E01000944
E00004617,"29.55","42.11666667","9.966666667","120.6333333","37.28571429","52.38571429","10.11428571","154.2714286",E01000932
E00004694,"26.61764706","33.71764706","9.817647059","87.17058824","26.1","42.41111111","7.427777778","126.6944444",E01000945
E00004615,"40.2","55.66666667","7.9","146.6333333","50","62.3","4.7","200",E01000932
E00004144,"65.575","79.4","6.225","188","68.98","79.76","7.26","194.3",E01000843
E00004149,"30.01428571","39.77142857","6.8","114.2","33.5","51.47142857","7.457142857","140.6142857",E01000845
E00004804,"19.2","52.95","1.85","200","25.45","56.85","4.95","200",E01000962
E00004801,"41.61666667","56.38333333","7.35","158.3333333","49.62","69.16","8.52","184",E01000962
E00004330,"50","59.85","5.15","200","50","66.6","7.35","250",E01000879
E00004338,"25.575","39.775","5.175","151","21.425","54.45","3.85","187.5",E01000882
E00004245,"31.6","42.66666667","5.766666667","151.6333333","35.33333333","47.56666667","5.966666667","151.6666667",E01000866
E00004436,"41.9625","49.7625","8.2375","135.45","42.2875","59.6125","6.775","175.4625",E01000898
E00004433,"28","44.05","5.2","163","31.55","60.3","5.6","200",E01000897
E00004748,"31.83333333","43.81666667","5.433333333","162.6666667","40.28333333","49.35","4.733333333","175.3333333",E01000959
E00004749,"40","43.15","6.925","150","46.25","52.075","6.95","162.5",E01000952
E00004156,"28.46666667","47.1","5.7","184","34.5","59.26666667","6.533333333","200",E01000844
E00004302,"40.53333333","54.03333333","5.933333333","200","42.06666667","53.43333333","4.766666667","200",E01000872
E00004383,"44.43333333","46.23333333","4.8","150.6666667","51.3","61.73333333","3.3","200",E01000887
E00004303,"42.52222222","48.72222222","6.866666667","131.7555556","50.15555556","64.08888889","14.72222222","194.3444444",E01000871
E00004382,"54.975","57.175","2.95","152","50.625","57.2","2.65","151",E01000888
E00004301,"29.55555556","45.11111111","10.56666667","137.3222222","36.65555556","50.65555556","11.01111111","164.4444444",E01000872
E00004380,"30.4","38.53333333","5.1","129.5833333","28.25","42.08333333","6.616666667","133.6666667",E01000891
E00004256,"38.71666667","48.16666667","11.75","142","39.36666667","59.4","11.51666667","175",E01000867
E00004259,"36.26666667","43.8","4.3","150.6666667","42.83333333","62.7","9.833333333","200",E01000867
E00004564,"21.83333333","30.46666667","7.016666667","86.51666667","30.91428571","37.01428571","6.371428571","109.4285714",E01000926
E00004560,"21.95454545","35.57272727","9.872727273","126.7727273","23.41818182","38.5","10.05454545","140.4",E01000918
E00004561,"21.59090909","39.01818182","8.390909091","123.0454545","20.61111111","39.54444444","7.4","128.3777778",E01000918
E00004487,"25.2","31.76666667","2.6","136.9","33.33333333","37.1","4.566666667","136.3333333",E01000912
E00004406,"41.5","58.67","11.71","168.37","54.84","73.48","10.22","193.2",E01000899
E00004407,"35.66666667","48.54166667","6.183333333","133.5333333","48.14166667","57.75833333","5.483333333","142.1333333",E01000899
E00004486,"32.38571429","37.2","4.9","120.1571429","33.75","51.35","6.233333333","158.1666667",E01000912
E00004409,"52.13333333","65.21666667","8.95","184","59.71666667","77.03333333","10.8","208.6666667",E01000895
E00004488,"50","57.575","9.925","176","55.625","79.025","14.925","200",E01000911
E00174662,"18.8","25.4","8.6","50","40","43.3","9.1","100",E01000855
E00174668,"21.275","40.8","4.9","158","29.85","44","4.625","145",E01000898
E00004755,"41.23333333","44.26666667","6.066666667","150","36.7","44.76666667","7.633333333","183.3333333",E01000952
E00174673,"3","3.4","0.8","6.9","2.8","3.1","1.1","6.4",E01000898
E00174677,"24.64444444","32.18888889","3.855555556","74.97777778","30.82222222","37.31111111","3.211111111","89.98888889",E01000963
E00174674,"16.2","28.93333333","4.616666667","110.9833333","30.48571429","43.81428571","9.985714286","149.1142857",E01000920
E00004662,"28.31428571","39.31428571","13.27142857","116","32.525","54.0125","16.75","150.25",E01000942
E00004660,"18.64","31.66","10.66","93.94","33.86666667","47.36666667","13.36666667","110",E01000938
E00004123,"31.78571429","49.98571429","4.4","150","40.31428571","60.11428571","5.5","181.5142857",E01000847
E00004314,"31.66","44.9","7.46","143.7","36.22","50.3","7.2","191",E01000872
E00004395,"40.4","56.325","3.7","175","46.175","63.875","4.15","200",E01000887
E00004394,"45","49.9","6.55","176","47.25","55.45","4.35","200",E01000886
E00004315,"42.4","53.54","7.64","160.8","51.38","63.46","9","180",E01000874
E00004220,"29.5","40.1","8.95","160","55","59.1","11.95","200",E01000857
E00004576,"25.88","43.9","5.72","130.4","34.2","57.08","6.62","190",E01000928
E00004577,"24.38333333","39.23333333","7.433333333","133.3333333","33.31666667","51.43333333","8.433333333","183.3333333",E01000928
E00004578,"30.25","48.35","4.175","188","42.2","59.45","7.15","200",E01000921
E00004579,"33.725","48.55","6.525","163","33.375","52.525","4.625","175",E01000928
E00004826,"29.56666667","43","8.7","159.9333333","41.63333333","55.73333333","8.166666667","233.3333333",E01000970
E00004827,"22.83333333","41.53333333","8.533333333","144","31.5","52.23333333","9.633333333","160",E01000972
E00004824,"41.8","53.85","9.825","151","44.05","66.55","9.475","200",E01000970
E00004823,"49.98","50.82","8.72","140.8","50","59.5","8.66","150",E01000972
E00004820,"51.775","64.4625","8.35","144","49.75","65.2625","11.5375","162.5",E01000969
E00004179,"14.91428571","14.77142857","7.114285714","21.21428571","15.68571429","15.24285714","6.9","21.84285714",E01000853
E00004329,"58.53333333","66.56666667","17.16666667","176","58.93333333","76.45","18.43333333","208.3333333",E01000880
E00004413,"44.9","59.9875","7.4375","163.9625","48.7875","66.8125","7.0125","174.2875",E01000899
E00004492,"32.53","32.75","1.96","77.46","39.81818182","38.90909091","6.045454545","78.71818182",E01000913
E00004490,"39.08333333","40.38333333","6.133333333","115.9","48.18333333","62.25","12.2","180",E01000912
E00004411,"17.6","45.04","4.04","180","31.52","50.16","6.94","160",E01000893
E00004656,"30.66666667","33.1","16.73333333","90.56666667","30.375","34.25","14.325","79.375",E01000940
E00004655,"27.05","44.725","11.675","164","28.175","53.75","11.625","200",E01000936
E00004652,"31.35714286","35.07142857","9.042857143","88.07142857","43.95","48.86666667","11.21666667","120.6166667",E01000943
E00004166,"18.63333333","39.9","4.466666667","166.6666667","18.7","52.4","4.233333333","200",E01000847
E00004726,"22.75714286","37.14285714","10.37142857","109.6714286","30.62857143","46.07142857","9.214285714","136.2571429",E01000955
E00004725,"25.26","40","4.5","140","26.5","44.32","5.86","160",E01000954
E00004722,"29.5","46.6","6.133333333","168","20.86666667","56.9","5.333333333","200",E01000950
E00004723,"19.15","39.95","2.85","150","18.75","46.75","4.75","200",E01000953
E00004728,"44","52.55","9.05","163","45","57.1","16.2","175",E01000956
E00004729,"27.375","38.475","7.75","130.2","27.175","43.9","8.6","155.2",E01000955
E00004672,"33.58","50.58","10.16","170","37.725","56.7","9","200",E01000942
E00004136,"46.66666667","49.83333333","6.866666667","166.6666667","52.83333333","60.83333333","9.8","200",E01000843
E00004232,"35.8","38.03333333","4.966666667","126.6333333","38.53333333","47.6","3.666666667","143.3333333",E01000860
E00004239,"28.66666667","50.33333333","4.833333333","184","39.26666667","60.4","5","184",E01000860
E00004547,"17.34736842","22.01052632","6.742105263","66.48684211","20.37435897","27.95897436","8.505128205","86.89487179",E01000916
E00004542,"18.7","30.19285714","7.45","106.3214286","28.94","39.37333333","6.853333333","131.8666667",E01000916
E00004356,"49.75","62.4","15.85","145.275","61.31111111","69.05555556","19.61111111","164.5333333",E01000880
E00004354,"42.48333333","52.83333333","6.65","162.2833333","42.98333333","59.05","6.833333333","170.45",E01000878
E00004355,"43.89090909","48.86363636","12.44545455","105.4727273","51.38","59.55","19.54","130.98",E01000879
E00004352,"61.22857143","68.84285714","9.128571429","182.8142857","63.8","74.04285714","10.17142857","182.8571429",E01000884
E00004353,"32.73333333","35.36666667","5.1","78.53333333","42.15","39.55","10.425","77.05",E01000878
E00004350,"31.83636364","38.66363636","10.18181818","84.6","43.1","43.44545455","9.936363636","89.69090909",E01000885
E00004351,"49.44","53.62","11.6","119.1","51.98888889","61.63333333","13.86666667","162.9",E01000885
E00004836,"22.55","35.83333333","6","134.9166667","30.24285714","43.45714286","11.01428571","127.4142857",E01000974
E00004837,"36.7","41.8","5.3","153.8","41.58","44.88","5.14","149.1",E01000973
E00004834,"36.2","42.6","1.5","200","41.95","57.2","3","200",E01000974
E00004835,"17.90909091","27.56363636","5.209090909","121.3545455","20.55833333","34.36666667","5.025","123.775",E01000973
E00004275,"50","57.2","6.15","176","55","69.35","4.5","200",E01000869
E00004272,"44.43333333","56.21666667","10.98333333","162.6666667","40.26666667","57.01666667","14.21666667","170.6666667",E01000870
E00004270,"40.25","49.9","8.783333333","142","44.98","56.94","8.9","200",E01000869
E00004271,"34.2","46.35714286","7.328571429","143.3857143","44.54285714","52.65714286","5.357142857","171.4285714",E01000869
E00004146,"50","59.8","7.066666667","184","51.66666667","64.46666667","8.9","233.3333333",E01000843
E00004147,"24.78571429","39.77142857","4.971428571","143.8857143","33.47142857","50.17142857","5.128571429","156.4571429",E01000843
E00004145,"50.625","54.125","4.35","163","57.475","67.95","6.475","187.5",E01000842
E00004142,"39.1","53.825","4.65","188","50","69.75","8.75","188",E01000842
E00004143,"53.725","60.475","7.925","163","56.75","71.9","8","200",E01000844
E00004140,"46.38","53.2","5.78","156.3","45.44","57.92","6.46","165.46",E01000842
E00174649,"9.533333333","15.03333333","3.5","41.76666667","9.733333333","15.73333333","4.3","41.46666667",E01000958
E00004734,"237.5652174","239.173913","223.0173913","250.3956522","24.56666667","29.06666667","4.583333333","89.66666667",E01000953
E00004733,"32.81666667","37.65","11.13333333","106.9833333","46.46666667","51.9","15.18888889","125.5555556",E01000957
E00004730,"35.4","42.05","12","128","31.425","47.45","12.275","147.5",E01000955
E00004644,"34.375","41.95","8.425","126.8125","42.15","55.2125","13.7375","181.25",E01000929
E00004645,"24.96666667","41.9","11.2","133.3333333","24.96666667","44.66666667","5","166.6666667",E01000930
E00004640,"26.3125","38.125","10.6875","116.725","28.2","41.9125","11.425","135",E01000930
E00004181,"14.66","13.68","2.86","22.46","14.96","14.12","2.7","21.62",E01000853
E00004188,"30.63333333","36.33333333","6.466666667","124.9666667","27","43.13333333","6.3","139.9",E01000854
E00004367,"37.775","45.725","3.975","175","48.95","54.925","5","175",E01000892
E00004363,"50","54.7","6.6","200","54.35","63.5","2.7","200",E01000890
E00004286,"25.2","37.93333333","6.466666667","151.6333333","35.76666667","49.8","7.933333333","160",E01000875
E00004207,"31.74","54.84","8.3","170.4","43.16","60.84","9.7","180",E01000856
E00004204,"46.9125","46.3625","6.25","125.1125","43.175","53.325","5.925","143.625",E01000862
E00004285,"36.23333333","45.2","12.16666667","143.9666667","37.41666667","46.46666667","14.66666667","133.3166667",E01000877
E00004205,"29.14285714","40.94285714","6.771428571","147.6714286","31.88571429","47.38571429","5.985714286","157.5857143",E01000863
E00004284,"33.6","37.8","1.9","143.9666667","34.46666667","42.03333333","2.666666667","160",E01000875
E00004202,"14.73333333","27.33333333","9.2","77.96666667","14.6","27.33333333","6.033333333","80",E01000860
E00004283,"39.825","41.925","6.475","131.725","41.125","46.75","7.05","163.75",E01000876
E00004203,"21.67142857","32.11428571","5.257142857","107.3571429","32.14285714","41.05714286","8.442857143","145.6",E01000863
E00004282,"34.3","40.85","7.775","126.725","33.55","47.7","8.3","167.5",E01000875
E00004201,"27.18","41.52","4.34","133.82","36","50.42","4.76","173.38",E01000860
E00004280,"27.58","37.62","6.62","114.34","46.15","55.225","10.975","162.5",E01000865
E00004289,"32.65","45.75","6.3","176","33.3","50.9","5.1","200",E01000875
E00004208,"29.28333333","41.51666667","14.51666667","113.6666667","42.1","57.48333333","14.18333333","158.3333333",E01000858
E00004288,"50","47.55","1.6","226","50","54","2.15","250",E01000876
E00004209,"38.3625","55.65","13.6875","157.25","45.81111111","60.11111111","15.2","164.8888889",E01000858
E00004556,"19.95384615","27.34615385","10.55384615","80.20769231","21.43076923","33.26923077","11.73846154","108.7846154",E01000914
E00004557,"27.54","24.98","5.92","70.52","32.75","37.375","5.7","111.1",E01000917
E00004554,"26.14722222","31.35555556","10.98333333","70.20555556","25.95757576","32.71818182","10.89090909","79.93939394",E01000914
E00004555,"34.1","42.2","6.575","151","42.725","51.925","9.675","162.5",E01000915
E00004552,"41.5","56.75","8.5","188","40.375","59.35","8.875","187.5",E01000915
E00004553,"24.78571429","41.84285714","10.9","139.3428571","29.4375","52.7875","14.2375","146.7375",E01000917
E00004550,"25.65","38.75","9.816666667","121.2","25.76666667","42.4","11.56666667","120.9166667",E01000915
E00004551,"15.468","21.432","6.388","69.864","16.72380952","30.38571429","6.547619048","112.0428571",E01000916
E00004558,"25.33333333","35.05833333","10.125","98.10833333","26.85","37.59166667","12.44166667","97.2",E01000918
E00004559,"21.825","36.08125","9.3625","119.1125","28.26666667","47.49333333","9.673333333","160.48",E01000918
E00004466,"22.23333333","42.56666667","3.4","167.6666667","27.75714286","46.61428571","6.542857143","165",E01000906
E00004467,"43.975","52.45","9.625","139.725","47.225","61.275","10.7","163.75",E01000904
E00004465,"41.62","53.94","8.34","180.8","47.9","62.6","10.5","210.4",E01000904
E00004462,"45.02","55.38","11.2","161.6","55.86","69.94","8.58","200",E01000900
E00004463,"28.88","51.84","8.32","156","50.04","66.22","8.82","176",E01000905
E00004468,"36.44","49.18","5.14","148.8","41.34","57.78","5.98","174.48",E01000905
E00004469,"42.86666667","51.51666667","4.05","175.3333333","54.45","70.33333333","5.083333333","191.6666667",E01000906
E00174652,"18","28","5.55","70.45","26.25","38.3","9.3","123.35",E01000854
E00174653,"18.2","26.17","6.07","78.25","20.46666667","34.03333333","8.45","99.75",E01000854
E00174651,"40.57777778","51.93333333","17.6","110.3888889","63.8875","80.9375","18.35","171.7125",E01000851
E00174656,"32.06666667","38.76666667","11.41666667","75.75","32.125","47.925","7.95","145",E01000869
E00174658,"59","64.86666667","5.833333333","168","61.76666667","73.7","7.866666667","200",E01000869
E00174659,"31.33529412","40.01176471","8.252941176","115.9823529","25.08333333","44.47222222","8.85","141.1666667",E01000855
E00004706,"27.86666667","41.23333333","4.533333333","147","34.21666667","47.48333333","7.05","143.3333333",E01000947
E00004787,"18.5","34.4","4.62","141.4","33.32","40.58","5.58","130.4",E01000964
E00004704,"19.31111111","30.74444444","6.777777778","108.1777778","24.94","41.17","8.13","145.15",E01000947
E00004785,"41.1","52.675","7.6","150","42.5","57.725","7.8","200",E01000964
E00004702,"30.52","41.54","7.92","113.18","45.25","51.625","10.15","160.35",E01000948
E00004783,"44.94","49.84","9.36","126.46","39.54","50.34","11.06","127.74",E01000967
E00004703,"21.08571429","39.72857143","4.871428571","165.1428571","42.81428571","64.18571429","5.842857143","193.1428571",E01000948
E00004782,"37.9","46","13.125","104.5125","46.875","50.05","13.6125","102.0625",E01000963
E00004700,"15.43333333","24.23333333","7.816666667","84.53333333","20.46666667","26.15","7.033333333","84.01666667",E01000944
E00004781,"38.3125","47.9875","6.0875","137.725","63.15","63","12.45","149.5",E01000961
E00004701,"12.88571429","13.18571429","5.9","19.14285714","14.4625","14.825","9.15","27.0125",E01000946
E00004780,"23.54","36.6","6.88","78.94","38.58","38.5","7.22","77.68",E01000963
E00004708,"31.15","40.4","12.03333333","116.0333333","35.31666667","48.88333333","14.33333333","124.7833333",E01000948
E00004789,"29.75","43.2","7.05","200","31.05","50.65","9.2","200",E01000960
E00004788,"38.5","53.16","6.26","166.36","52.9","58.1","6.66","160",E01000960
E00004709,"28.95714286","43.31428571","12.51428571","129.9857143","43.64285714","55.64285714","8.114285714","161.4285714",E01000947
E00004659,"26.9","31.56153846","8.884615385","76.16923077","29.92","37.29","9.47","89.23",E01000938
E00004197,"22.875","30.225","9.5125","82.5125","17.07777778","28.93333333","8.788888889","86.68888889",E01000855
E00004196,"41.66666667","60.93333333","7.616666667","184","63.45","84.58333333","7.283333333","200",E01000850
E00004194,"23.66666667","37.61111111","11.15555556","99.54444444","22.08","38.43","14.07","104.12",E01000851
E00004193,"32.0875","37.825","11.2625","102.1375","33.3375","52.8","11.3625","149.45",E01000850
E00004190,"17.74","31.54","5.38","130","17.65","36.02","6.03","150",E01000855
E00004199,"22.98108108","29.25675676","12.32702703","57.63243243","27.70277778","36.57777778","11.88611111","80.75277778",E01000850
E00004198,"23.86","29.952","10.296","70.904","25.80416667","37.5625","13.1875","94.2375",E01000851
E00004846,"39.6","43.525","5.2","138","43.775","55.8","7.025","187.5",E01000968
E00004847,"40.1","48.35","9.6","171.8","44.01666667","59.28333333","9.1","192.5",E01000968
E00004844,"40","52.8","8.15","175","48.8","57.325","4.65","175",E01000968
E00004845,"18.34","33.42","4.32","128.56","23.24","41.54","4.16","150.54",E01000968
E00004842,"51.225","64.475","4.525","187.5","58.75","75.1","4.375","225",E01000968
E00004843,"26.66666667","49.33333333","5.366666667","184","27.43333333","51.9","4.866666667","200",E01000968
E00004840,"40","44.8","3.2","152","47.5","52.95","1.15","176",E01000973
E00004841,"28.92","43.8","6.6","140.8","58.2","67.36","6.82","200",E01000973
E00004848,"45.64","55.58","13.19","139.59","51.58","63.18","10.74","181.2",E01000969
E00004849,"53.54285714","66.34285714","13.28571429","176","55.41428571","75.72857143","11.14285714","200",E01000969
E00004376,"37.13333333","48.51666667","11.56666667","163.9833333","42.7","49.8","9.414285714","155.2857143",E01000889
E00004377,"36.86666667","48.1","10.4","143.9666667","44.83333333","54.53333333","10.4","166.6666667",E01000891
E00004374,"31.45","52.75","4.05","200","45","54.8","5.35","200",E01000891
E00004375,"27.54","40.82","3.78","132.68","48.28","53.58","4.68","152",E01000892
E00004372,"42.4","48.925","5.45","138.725","56.25","60.8","6.175","144.9",E01000892
E00004373,"28.75","46.75","9.3","150","38.86666667","61.5","10.6","200",E01000890
E00004370,"33.8","44.75","5.725","151","46.775","71.875","11.475","188",E01000889
E00004371,"19.9","40","8.2","152","55.7","61.75","7","200",E01000891
E00004378,"38.81666667","46.75","5.083333333","126.65","42.73333333","55","6.466666667","180",E01000892
E00004379,"50","57.55","4.875","200","57.2","71.875","5.05","225",E01000892
E00004217,"22.26","31.18","2.94","113.84","31.46","39.48","2.44","163.9",E01000859
E00004296,"32.52","42.74","6.8","122.4","33.12","45.5","11.28","160",E01000871
E00004294,"18","28.93333333","4.233333333","120.6666667","20.525","29","3.625","112.125",E01000876
E00004215,"46.45","55.6","3.45","200","60","75.3","5.65","200",E01000857
E00004212,"37.6","51.7375","13.125","163.5","37.0125","55.3375","9.9375","175.5",E01000856
E00004293,"43.55","45.45","3.1","151","46.05","57","5.875","200",E01000876
E00004213,"19.45","33.6375","6.575","100.6375","36.82857143","46.98571429","7.757142857","108.4142857",E01000858
E00004292,"27.35","41.3","5.9","200","41.85","57.7","7.05","250",E01000876
E00004210,"21.55","39.425","9.25","138","33.325","42.875","10.65","150",E01000856
E00004291,"18.61666667","35.31666667","3.1","158.6666667","26.5","53.53333333","3.5","183.3333333",E01000876
E00004218,"46.63333333","52.6","3.533333333","184","55.43333333","63.33333333","2.7","200",E01000857
E00004299,"36.12","47.84","9.88","166.34","35.38","50.66","9.3","175.92",E01000877
E00004219,"29.56666667","44.78888889","5.977777778","142.9555556","33.73333333","49.45555556","6.544444444","168",E01000861
E00004298,"46.5","51.32857143","10.78571429","130.2571429","55.98571429","60.17142857","16.68571429","150",E01000871
E00004526,"26.86666667","38.83333333","10.725","101.4416667","36.68333333","47.51666667","15.19166667","120.4333333",E01000919
E00004524,"21.028","22.816","9.42","51.748","22.02173913","24.49565217","9.182608696","58.21086957",E01000914
E00004523,"19.66666667","27.86666667","6.875","103.575","22.01666667","38.14166667","8.083333333","140.9583333",E01000919
E00004520,"14.82","28.74","5.62","108.06","19.1","36.14","6.72","127.16",E01000917
E00004521,"27.66","35.7","7.833333333","89.69333333","35.97857143","46.65714286","9.928571429","115.7642857",E01000914
E00004528,"29.99285714","42.82142857","10.65","136.3428571","38.1","53.14666667","10.68","160.8066667",E01000918
E00004476,"21.9","40.56","9.16","125.02","30.02","49.1","8.66","145.7",E01000904
E00004477,"23.8","37.63333333","4.455555556","142.4777778","18.98888889","41.32222222","3.233333333","161.6777778",E01000906
E00004474,"35.26666667","47.85555556","9.4","129.7111111","36.06666667","54.65555556","9.688888889","173.3111111",E01000904
E00004475,"34.95","54.775","9.475","175","42.35","63.525","11.5","175",E01000904
E00004472,"24.66363636","41.72727273","9.618181818","133.0454545","28.32727273","49.78181818","9.472727273","147.7454545",E01000905
E00004470,"17.05","23.88333333","5.183333333","81.51666667","17.56666667","30.15","8.633333333","106.4",E01000902
E00004471,"18.08333333","32.18333333","4.916666667","142","21.6","44.66666667","10","175",E01000906
E00004479,"46.2","52.725","6.55","188","58.95","67.625","5.8","200",E01000906
E00004796,"42.5","48.05","3.3","200","44.6","51.7","3.35","200",E01000960
E00004717,"19.11666667","27.16666667","5.766666667","70.05","29.6","40.14285714","5.928571429","92.24285714",E01000949
E00004715,"22.525","27.225","3.825","104","26.9","42.15","7.375","167.05",E01000949
E00004794,"48.89","52.4","9.37","137.3","51.86363636","60.2","7.281818182","161.5636364",E01000961
E00004712,"9.818181818","20.35454545","4.290909091","70.04545455","10.48","26.73","4.14","111.61",E01000948
E00004793,"47","47.7","4.35","176","53.7","63.7","6.8","200",E01000964
E00004713,"32.2","26.95","2.55","53.55","36","30.1","6.6","53.1",E01000949
E00004792,"47.7","55.82857143","4.957142857","157.7142857","51.34285714","61.72857143","6.7","200",E01000964
E00004711,"27.24","44.78","6.92","160.4","41.46","59","9.7","180",E01000948
E00004790,"51.85","59.35","4.7","200","52.55","65.775","14.025","225",E01000960
E00004799,"37.5","54","4.375","163","54.875","65.775","4.525","200",E01000962
E00004718,"30.9","46.6","5.5","200","42.05","53.85","5.95","200",E01000950
E00004798,"38.375","43.725","16.225","113.5","42.775","47.15","7.075","132.075",E01000962
E00004719,"24.8","35.86666667","7.683333333","129.15","27.03333333","40.25","6.183333333","120.5666667",E01000949
E00004627,"13.9","24.75","1.3","75.85","16.05","36.9","1.45","127.85",E01000934
E00004624,"40.94","48.34","10.32","114.2","43.14","48.01","9.97","103",E01000933
E00004625,"19.3","28.88571429","8.657142857","85.02857143","35.42","46.92","8.58","143",E01000934
E00004622,"42.32","50.06","8.1","160.8","60","61.94","8.6","180",E01000932
E00004620,"35","42.7","4.15","152","45","54","6","200",E01000932
E00004621,"40","53.8","2.35","176","45","69.85","5.85","300",E01000931
E00004628,"20.3","42.15","3.9","160","42.5","56.25","3.55","200",E01000935
E00004629,"39.83333333","49.13333333","9.566666667","151.6666667","41.53333333","54.3","8.766666667","160",E01000933
E00004852,"44.3","54.525","6.975","188","44.525","62.175","6.175","200",E01000971
E00004853,"28.0625","41.0125","6.9375","113.425","46.075","52.0375","8.025","139.375",E01000969
E00004850,"44.7","55.02","10.34","170.4","51.5","65.9","11.14","200",E01000969
E00004851,"42.3","48.95","14.95","122.65","52.31666667","62.35","15.16666667","143.3333333",E01000970
E00004346,"45.28571429","47.3","10.35714286","102.7571429","34.83333333","41.18333333","6.65","103.2666667",E01000885
E00004347,"57.88333333","71.66666667","8.916666667","158.6666667","64.7","79.5","11.11666667","191.6666667",E01000884
E00004342,"29.7","33.725","5","117.75","31.875","43.45","5.475","132.5",E01000882
E00004343,"52.175","55.675","13.325","151","66.5","69.4","18.675","180",E01000883
E00004340,"32.55","40.38333333","10.63333333","91.9","41.35","50.91666667","14.25","106.6666667",E01000883
E00004341,"25","55.65","5.8","200","55","71.75","5.95","200",E01000882
E00004348,"41.6","48.625","5.9","151","51.35","58.8","7.1","200",E01000884
E00004349,"49.35","63.06666667","14.46666667","159.3333333","53.63333333","66.78333333","13.16666667","200",E01000884
E00004537,"20.75","33.85","8.025","110.3","24.25","44.425","6.125","142.825",E01000920
E00004534,"25.04","39.64","14.7","101.06","54.28333333","52.4","14.3","108.9833333",E01000916
E00004535,"21.5","31.35555556","6.788888889","91.81111111","23.5","34.67777778","8.633333333","124.8888889",E01000914
E00004532,"33.6","44.29230769","15.90769231","126.7692308","35.11538462","56.50769231","17.38461538","166.2692308",E01000920
E00004530,"22.2047619","29.7","5.861904762","80.14285714","24.46086957","33.30869565","9.647826087","80.34347826",E01000919
E00004538,"17.24","26.54","7.97","74.96","20.17","35.99","9.52","101.73",E01000917
E00004539,"21.4375","35.65","5.9125","100.6625","25.6125","51.7125","10.975","177.6125",E01000916
E00004447,"29.325","45.75","4.375","119.7","39.5","65.56666667","7","193.3333333",E01000903
E00004444,"20.25","38.81666667","9.45","117.8166667","35.58333333","49.01666667","7.066666667","150.8333333",E01000901
E00004445,"24.12857143","34.55714286","6.671428571","100.2571429","38.08571429","46.5","9.471428571","132.1428571",E01000901
E00004442,"30.13333333","41.6","151.6666667","6.1666","39.13333333","44.03333333","8.533333333","118.3333333",E01000902
E00004440,"24.7","40.51428571","5.542857143","104.7714286","42.24285714","54.51428571","5.928571429","150.3571429",E01000897
E00004448,"52.12","62.17","10.38","146.6","61.49","74.94","12.05","168",E01000900
E00004637,"20.2","33.8","9.325","113.5","27.5","43.1","14.575","162.5",E01000929
E00004634,"36.825","43.325","4.7","162.5","39.3","53.25","9.475","175",E01000933
E00004633,"17.85","30.9","5.175","102.7","37","43.13333333","11","160",E01000934
E00004630,"43.33333333","52.23333333","9.533333333","159.9333333","42.76","49.62","9.78","136",E01000935
E00004631,"43.82","48.36","12.82","140.8","42.7","48.46666667","12.58333333","127",E01000933
E00004638,"21.275","28.6125","9.075","85.375","24.925","33.4875","7.9","93.0875",E01000933
E00004639,"22.375","30.325","9.15","89.575","26.1","38.675","11.65","96.475",E01000935
E00004167,"60.87777778","73.24444444","21.56666667","150.2222222","88.63333333","97.83333333","34.44444444","194.4444444",E01000846
E00004164,"38","48.2","3.9","200","47.93333333","60.56666667","5.066666667","200",E01000846
E00004165,"16.13333333","46.93333333","2.366666667","200","43.33333333","67.16666667","5","233.3333333",E01000847
E00004163,"38.46","52.7","6.38","156.74","39.9","54.34","4.34","171",E01000847
E00004160,"41.525","48","7.55","132.925","40.94","54.28","10.08","132.4",E01000846
E00004161,"34","46.34","8.64","120.78","57.56","67.14","10.02","176",E01000845
E00004168,"42.88333333","59.8","7.016666667","175.6666667","67.05","66.63333333","7.033333333","175.8333333",E01000849
E00004169,"13.67692308","22.06153846","5.223076923","82.63076923","28.65833333","33.61666667","5.975","103.7083333",E01000855
E00004141,"39.56666667","54.73333333","5.766666667","184","50.43333333","64.43333333","7.8","200",E01000842
E00004148,"26.06","49.2","3.3","146.16","45.18","62.26","3.42","176",E01000845
E00004359,,,,,,,,,E01000885
E00004264,"29.22727273","35.48181818","6.745454545","100.1","35.50769231","40.74615385","8.153846154","110.3153846",E01000867
E00004265,"32.925","44.35","11.525","149.925","36.3","48.625","13.15","149.95",E01000870
E00004262,"13.13333333","24.16666667","4.733333333","70.43333333","16.075","26.1","6.5","67.85",E01000868
E00004263,"12.525","21","2.075","69.375","14.875","27.225","2.525","72.4",E01000868
E00004261,"38.05","48.225","9.6","126","49.275","54.075","10.575","138",E01000867
E00004268,"42.575","54.55","12.225","163","47.45","59.725","12.975","213",E01000870
E00004269,"33.8","41.73333333","11.23333333","146.6666667","37.8","48.2","10.03333333","152.0666667",E01000870
E00004587,"36.81666667","51.03333333","8.583333333","167.3333333","40.11666667","57.36666667","9.133333333","191.6666667",E01000923
E00004506,,"38.16666667","3.666666667","166.6666667","40","48.6","3.933333333","200",E01000908
E00004586,"51.25","71.025","15.175","200","71.725","84.375","17.375","200",E01000924
E00004507,"66.28571429","71.84285714","4.171428571","172","83.0125","87.8875","4.0625","187.5",E01000908
E00004585,"25.46666667","46.23333333","2.8","200","46.66666667","57.93333333","4.533333333","200",E01000924
E00004504,"47.46","58.93","8.29","152.63","54.6","68.37","9.52","177.6",E01000909
E00004584,"29.24285714","40.47142857","9.307142857","131.0357143","32.99285714","45.26428571","10.62857143","140.2642857",E01000928
E00004505,"26.18333333","54.46666667","4.083333333","168","43.8","61.9","4.75","175.3333333",E01000907
E00004583,"50","57.825","9.85","175","56.5","66.875","11.65","187.5",E01000928
E00004502,"20.8","35.28","4.04","120.8","35.98","45.08","4.22","160",E01000907
E00004582,"40.56","55.2","7.84","190.4","47","62.76","9.32","200",E01000921
E00004503,"33.8","43.46","2.58","160","42","52.08","2.3","160",E01000908
E00004580,"38.86","47.38","8.4","160.8","36.08333333","47.98333333","9.15","178.35",E01000921
E00004501,"50","48.9","3.55","150","50","52.1","2.45","200",E01000908
E00004588,"37.1125","44.2375","13.0875","107.7","42.475","53.475","14.85","137.375",E01000924
E00004509,"41.36666667","50.93333333","3.366666667","150.6666667","46.11666667","51.63333333","3.8","162",E01000909
E00004456,"30.35","48.51666667","7.716666667","166.6666667","39.65","60.96666667","11.28333333","200",E01000901
E00004457,"30.1","45.26666667","3.233333333","184","34.56666667","55.46666667","4.433333333","200",E01000903
E00004451,"41.4","44.35","6.725","154.425","45","50.55","5.4","163",E01000903
E00004458,"36.72857143","44.24285714","8.042857143","147.3428571","46.35714286","56.61428571","11.64285714","182.8428571",E01000900
E00004459,"41.65","51.5","8.1","176","46.25","62.875","11.125","187.5",E01000905
E00174680,"21.45","52.45","5.6","200","52.3","66","6.8","200",E01000945
E00004766,"36.78","44.7","9.78","118.3","43.62","49.96","10.48","127.98",E01000965
E00004764,"46.53333333","50.73333333","20.83333333","123.3333333","51.46666667","57.8","21.43333333","163.3333333",E01000955
E00004762,"20.925","27.4","10.35","66.4","23.575","36.575","12.5","110",E01000955
E00004763,"19.85","38.65","2.55","152","20.45","46.3","5.45","200",E01000953
E00004760,"27.93333333","37.46666667","4.133333333","143.9666667","36.56666667","52.9","2.633333333","160",E01000954
E00004761,"34.33333333","56.3","15.9","200","39.96666667","51.4","12.76666667","157.3333333",E01000955
E00004768,"28.9","43.93333333","4.566666667","166.6666667","39.13333333","51.3","4.933333333","200",E01000966
E00004769,"36.95","45.05","10.35","176","42.325","55.05","8.325","200",E01000965
E00004687,"12.56666667","23.11666667","3.066666667","77.41666667","18.33333333","28.45","2.9","80.46666667",E01000946
E00004606,"37.71111111","46.17777778","9.522222222","122.8666667","46.43333333","55.8","11.18888889","139.1333333",E01000929
E00004686,"15.38","36.88","6.18","140","21.18","47.46","8.78","170",E01000951
E00004607,"23.375","34.325","5.1","86.275","28.125","39.475","11.225","136.225",E01000930
E00004685,"27.66","44.12","11.28","131.2","27.74","50.92","10.22","166",E01000951
E00004604,"19.02","33.92","6.2","130.4","29.58","37.12","8.82","116",E01000931
E00004684,,,"7.05","200","15.95","42.1","4.2","150",E01000949
E00004605,"23.45","29.1","3.55","99.975","38.6","37.325","4.375","124.425",E01000931
E00004683,"36.5","44.76666667","10.5","138.1","29","48.33333333","13","138.6333333",E01000951
E00004602,"45","52.625","6.225","188","54.075","64.05","11.425","200",E01000926
E00004682,"30.23333333","40.1","5.7","150.6666667","43.33333333","53.1","10.23333333","183.3333333",E01000950
E00004603,"38.175","47.4","11.625","128","52.125","56.075","12.425","165",E01000925
E00004681,"19.1","36.08333333","6.816666667","124.7","18.95","43.63333333","6.933333333","145.3833333",E01000946
E00004600,"23.4","46.23333333","9.683333333","142","35.26666667","53.3","9.816666667","166.6666667",E01000925
E00004680,"20.03333333","38.55","8.616666667","134","21.23333333","53.55","9.55","150",E01000943
E00004601,"28.1","51.225","16.35","168","36.625","54.175","9.65","150",E01000925
E00004689,"28.46666667","41.7","7.2","184","32.66666667","47.16666667","6.4","156.8",E01000951
E00004608,"20.91428571","30.51428571","9.471428571","92.11428571","23.37142857","46.01428571","11.84285714","160.2142857",E01000929
E00004688,"30.9","48.56","8.74","140","35.3","60.74","11.56","170",E01000951
E00004609,"27.11666667","40.05","10.75","100","38.71428571","48.45714286","12.21428571","136.3285714",E01000930
E00004177,"33.43333333","44.68888889","18.96666667","102.6666667","42.82222222","55.93333333","21.13333333","118.1",E01000852
E00004174,"15.26","15.52","5.4","22.24","16.5","15.4","6.65","20.075",E01000854
E00004175,"22.06","38.94","7.88","122.8","27.88","47.92","8.22","160.4",E01000853
E00004172,"20.78695652","27.84782609","9.960869565","63.8826087","28.22105263","33.45263158","10.66842105","64.73157895",E01000850
E00004173,"22.94285714","22.02857143","9.4","33.6","22.55714286","25.71428571","9.142857143","48.27142857",E01000852
E00004832,"14.5","26.52857143","5.071428571","92.72857143","19.58181818","25.84545455","4.545454545","89.08181818",E01000973
E00004830,"40.9","52.42","7.62","131.2","54.22","62.78","7.44","166",E01000973
E00004831,"22.6","40.8","9.533333333","150.6666667","22.43333333","41.03333333","9.066666667","159.5333333",E01000972
E00004838,"19.075","33.55","4.025","119.95","30.85","42.725","7.825","175",E01000974
E00004326,"45","57.5","6.233333333","183.3333333","43.43333333","60.73333333","7.866666667","173.3333333",E01000881
E00004324,"47.04285714","53.6","7.128571429","147.7142857","57.12857143","67.02857143","10.12857143","168.8571429",E01000879
E00004325,"54.48","64.28","8.32","160.8","55.7","69.1","13.42","190",E01000879
E00004322,"48.45","62.46666667","5.916666667","177.3666667","54.68333333","72.7","7.5","193.8333333",E01000884
E00004323,"39.73333333","46.43333333","10.36666667","151.6333333","29.6","39.5","9.366666667","102.2",E01000878
E00004320,"27.55714286","42.11428571","5.971428571","120.8285714","33.27142857","52.97142857","5.128571429","148.4714286",E01000882
E00004278,"50","53.9","10.5","176","52.5","58.25","5.4","150",E01000869
E00004597,"47.42857143","50.25714286","8.328571429","149.3571429","50.81428571","60.91428571","15.67142857","177.1285714",E01000926
E00004516,"26.65","45.9","5.5","154.95","33.4","52.9","4.6","183.3333333",E01000910
E00004517,"38.96666667","40.26666667","4.966666667","134.6666667","32.36666667","42","6.033333333","150.6666667",E01000912
E00004596,"39.57","48.64","11.41","131.09","54.25","65.94","16.77","162.99",E01000923
E00004594,"45","52.2","6.4","200","50","60.35","7.7","200",E01000924
E00004515,"42.2","47.38","7.52","116.78","46.05","49.875","6","150",E01000911
E00004592,"26.075","47.5","6.825","175","43.275","65.375","7","200",E01000923
E00004513,"39.26","50.54","4.76","140.74","41.44","57.08","5.06","170.4",E01000910
E00004590,"40.88","52.88","7.82","160.4","39.48","63.32","8.12","180",E01000923
E00004511,"50.95","50.1","4.466666667","137.65","45.31666667","57.35","4.916666667","166.6666667",E01000909
E00004519,"50","52.06666667","4.633333333","200","50","56.33333333","3.433333333","200",E01000911
E00004598,"29","43.46666667","8.933333333","150.6666667","33.825","48.625","9.025","163.75",E01000924
E00004424,"44.06666667","46.96666667","4.133333333","159.9","38.96666667","55.9","5.9","184",E01000896
E00004422,"35.0625","41.6875","8.1125","109.5125","49.9","52.375","13.6375","118.8625",E01000895
E00004423,"18.25","35.41666667","4.716666667","144.5333333","29.18333333","40.81666667","3.883333333","163.3333333",E01000893
E00004420,"69.6","72.87142857","17.98571429","153.8142857","63.94","69.96","7.22","180",E01000896
E00004421,"53.675","68","5.6","188","63.7","73","4.275","225",E01000894
E00004428,"17.625","32","7.8","79.65","27.975","34.675","7.85","79.15",E01000895
E00004429,"20.05555556","38.85555556","5.377777778","131.4666667","38.82222222","51.48888889","7.811111111","155.5333333",E01000894
E00004777,"41.85","48.075","10.8","131.75","51.25","55.65","14.675","143.475",E01000961
E00004774,"36.98333333","47.71666667","9.066666667","114.4666667","33.65","50.65","9.1","141.0833333",E01000965
E00004775,"48.23333333","59.73333333","4.266666667","184","50.13333333","71.8","7.633333333","200",E01000966
E00004772,"56.72","66.6","10.28","170","54.9","79.38","8.86","200",E01000967
E00004773,"21.06666667","51.93333333","6.566666667","200","44.9","77.8","5.666666667","233.3333333",E01000967
E00004770,"43.1","59.7","5.6","200","48.83333333","56.43333333","5.133333333","151.6666667",E01000966
E00004778,"27.14444444","40.44444444","7.588888889","131.9333333","28.21111111","45.78888889","7.711111111","126.3777778",E01000963
E00004779,"39.625","42.8625","5.4625","87.7375","47.375","44.7625","7.2375","86.375",E01000963
E00004697,"20.3","28.7625","6.1625","82.975","33.3125","44.5875","5.0125","133.1",E01000945
E00004616,"45","49.83333333","7.9","184","43.23333333","53.76666667","7.666666667","200",E01000932
E00004695,"21.37777778","41.05555556","5.711111111","150.2222222","28.18888889","57.95555556","9.266666667","183.3333333",E01000945
E00004614,"25.67777778","37.75555556","7.488888889","134.8666667","35.2","46.95555556","7.566666667","136.8888889",E01000931
E00004693,"22.66666667","35.03333333","5.966666667","120.2333333","32.11666667","50.86666667","6.466666667","170.3333333",E01000944
E00004612,"18.7","33.34","3.38","110.8","32.24","41.4","4","141.4",E01000931
E00004692,,,,,,,,,E01000944
E00004613,"38.725","47.375","14.4","125","47.85","57.7","14.275","200",E01000931
E00004691,"26.1","46.975","8.275","151","26.2","61.325","9.975","187.5",E01000944
E00004610,"21.72","29.58","11.94","107.1","26.86666667","36.03333333","12.26666667","112.4333333",E01000930
E00004690,"29.48","38.1","6.5","115.52","41.26","49.84","6.32","137.44",E01000946
E00004611,"21.14","19.9","7.64","30.54","20.2","20.86","7.78","60.42",E01000930
E00004699,"152.2307692","20.31538462","6.176923077","49.36153846","14.84166667","19.875","7.25","72.04166667",E01000946
E00004618,"18.6","35.93333333","4.933333333","150","25.26666667","42.4","4.566666667","160",E01000932
E00004619,"39.53333333","45.1","5.633333333","173.3333333","43.3","58.86666667","5.9","200",E01000932
E00004806,"32.25","46.45","8","176","40","53.85","4.75","200",E01000966
E00004807,"15.6","22.04","5.67","55.96","20.75","30.94","6.97","82.78",E01000961
E00004805,"37.58","51.9","9.88","150.4","47","56.8","5.26","170",E01000961
E00004802,"50","56.45","4.8","200","57.85","70.9","6.05","250",E01000962
E00004803,"18.46666667","30.1","5","105.6","27.5","36.13333333","5.6","126.6666667",E01000965
E00004808,"32.92","39.54","3","132.68","40.04","50.82","3.08","152",E01000963
E00004809,"14.61818182","21.9","3.963636364","69.39090909","19.27272727","32.24545455","4.854545455","105.1272727",E01000960
E00004336,"37.78888889","47.86666667","11.55555556","142.2","52.06666667","57.92222222","11.41111111","153.4444444",E01000881
E00004337,"49.74","63.38","11.14","190.4","59.74","76.78","11.6","200",E01000881
E00004334,"42.9","49","7.28","130.62","46.44","61.38","4.76","180",E01000883
E00004335,"36.15","43.78333333","4.733333333","125.6166667","49.88333333","58.58333333","4.866666667","154.9833333",E01000882
E00004332,"50","52.8","4.6","200","34.85","37.2","5.55","159.6",E01000883
E00004333,"49.4","50.35714286","6.771428571","130.8142857","56.7","62.15714286","6.328571429","168.5571429",E01000882
E00004331,"37.93333333","52.23333333","6.033333333","184","50","62.3","8.533333333","200",E01000881
E00004339,"45.30909091","51.89090909","11.60909091","113.6636364","49.63636364","57.28181818","11.03636364","139.8909091",E01000883
E00004246,"45.12","51.24","7.34","160.4","52.38","57.88","10.8","150.4",E01000865
E00004247,"40.5125","48.975","15.9125","132.425","44.8","63.4125","14.025","172.475",E01000866
E00004244,"14.16666667","27.5","4.366666667","78.76666667","17.8","28.5","4.3","77.4",E01000868
E00004242,"58","64.3","5.2","176","58.2","68.9","6.05","150",E01000860
E00004243,"33.25","42.61666667","5.383333333","131.9666667","28.7","47.16","9.2","154.9",E01000862
E00004240,"30.34","43.11","7.84","137.6","30.5","52.09","6.43","195.2",E01000861
E00004241,"42.87142857","52.38571429","4.114285714","178.8571429","54.07142857","59.74285714","4.128571429","200",E01000862
E00004248,"33.23333333","39.74444444","8.777777778","100.3555556","42.68888889","46.14444444","10.92222222","114.2888889",E01000866
E00004249,"37.1","57.875","8.125","188","50.175","69.55","9.9","188",E01000864
E00004437,"41.56","58","5.2","161.6","34.62","68.84","4.78","200",E01000897
E00004435,"30.28","38.22","4.4","122.28","36.4","47.9","4.36","171.98",E01000898
E00004432,"39.425","50.35","5.275","151","41.28","53.94","6.86","176",E01000897
E00004430,"26.15","44.125","11.225","133","21.6","47.05","11.425","145",E01000895
E00004431,"31.85555556","42.74444444","7.444444444","115.0888889","47.81111111","59.5","7.722222222","157.1444444",E01000897
E00004438,"44.72","60.86","8.04","147.14","55.22","66.6","25.32","159.96",E01000898
E00004439,"34.0375","53.9","6.3125","175.25","56.3375","69.275","6.275","200",E01000897
E00004746,"25.81666667","41.91666667","6.2","166.6666667","37.53333333","49.26666667","6.733333333","200",E01000959
E00004747,"18.45","33.86666667","6.65","104.1666667","15.36666667","38.1","7.666666667","125",E01000959
E00004744,"17.2","32.33333333","4.433333333","140.1333333","27.36666667","42.43333333","4","139.7333333",E01000953
E00004745,"46.54","56.32","21.34","154.4","58.86","68.64","23.78","164",E01000959
E00004742,"40","47.95","2.8","200","45","62.3","3.15","250",E01000958
E00004743,"50.35714286","60.08571429","7.1","165.7142857","46.72857143","66.57142857","8.771428571","181.4285714",E01000959
E00004740,"34.12857143","46.95714286","4.485714286","155.4714286","41.4","54.01428571","4.357142857","148.8",E01000958
E00004741,"29.6","40.25","6.26","124.69","38.86","50.37","7","141.7",E01000958
E00004157,"62","62.375","5.125","175","67.775","73.275","5.85","175",E01000846
E00004154,"50","52.13333333","2.8","200","36.03333333","57.23333333","3.1","200",E01000844
E00004155,"45.05","54.25","5.725","169.975","55.625","63.925","5.5","170",E01000844
E00004152,"59.125","63.8","6","176","47.625","60.025","6.175","169.675",E01000842
E00004153,"44.16666667","52.6","3","200","53.3","64.23333333","3.5","200",E01000845
E00004150,"50.83333333","57.33333333","7.9","184","53.6","67","7.233333333","200",E01000844
E00004151,"42.1","51.38333333","6.766666667","147.2833333","49.68333333","60.58333333","7.75","163.3166667",E01000845
E00004546,"25.90714286","30.40714286","8.664285714","74.49285714","27.75","37.74285714","12.35714286","92.83571429",E01000914
E00004544,"20.35","46.5","8.2","200","20","56.2","6.05","200",E01000915
E00004545,"35.775","49.35","6.025","188","36.975","55.8","7.4","200",E01000917
E00004543,"27","34.23333333","6.85","78.38333333","34","45.03333333","9.65","111.7666667",E01000920
E00004540,"21.25","30.11","10.07","82.73","23.73333333","36.13333333","11.26666667","101.6888889",E01000920
E00004541,"17.96666667","20.9","6.033333333","53.1","27.27142857","30.28571429","9.328571429","77.57142857",E01000917
E00004548,"22.39444444","30.45555556","11.75","82.7","22.86470588","40.74117647","10.94117647","115.1117647",E01000915
E00004549,"18.3","38.75","4.575","175",,,,,E01000917
E00004158,"26.13","34.32","7.6","93.81","39","46.51","8.15","110",E01000845
E00004159,"20.66666667","42.1","5.1","184","31.8","46.26666667","6.866666667","233.3333333",E01000846
E00004816,"44.43333333","61.7","3.466666667","184","60.83333333","74","6.733333333","200",E01000971
E00004817,"33.6","51.28","8.72","154.4","48.92","64.48","5.48","194.4",E01000971
E00004814,"48.33333333","56.35","9.083333333","162.85","56.56666667","69.68333333","11.88333333","191.6666667",E01000970
E00004815,"28.51875","33.85625","8.59375","93.025","29.75625","38.6875","10","114.13125",E01000972
E00004812,"31.88333333","43.31666667","7.2","142","38.73333333","46.13333333","8.3","155",E01000965
E00004813,"21.38571429","43.2","7.614285714","143.4285714","29.41428571","47.04285714","9.928571429","153.1428571",E01000969
E00004810,"44.525","62.8","6.425","188","67.625","76.5","7","188",E01000966
E00004811,"25.8","43.53333333","2.633333333","200","38.6","56.1","6.466666667","200",E01000966
E00004818,"31.48","38.46","11.72","102.92","40.26","46.7","12.02","127.96",E01000970
E00004819,"43.4","53.21428571","10.51428571","148.7","50.08571429","62.84285714","11.04285714","160.7142857",E01000971
E00004306,"40.4","51.9","11.11666667","142.4833333","49.65","66.88333333","9.15","162.0333333",E01000874
E00004387,"51.825","56.225","11.45","163","64.975","75.375","11.25","212.5",E01000887
E00004386,"50","63.7","4.15","176","67.5","80.35","4.1","250",E01000888
E00004307,"49.84285714","56.7","6.571428571","165.1428571","52.6","64.21428571","6.528571429","200",E01000873
E00004304,"38.53333333","45.66666667","4.483333333","141.6666667","32.83333333","50.05","5.933333333","161.6666667",E01000877
E00004385,"53.675","60.675","5.225","188","54.975","66.825","4.8","200",E01000886
E00004305,"42.1875","58.4625","9.9875","148.4625","50.2375","68.675","10.7","184.9625",E01000874
E00004384,"50","54.8","3.75","200","55","62.8","2.8","200",E01000886
E00004300,"47.36","54.98","8.28","160","45.46","58.52","3.54","190",E01000872
E00004381,"59","63.96666667","4.333333333","166.6666667","61.3","71.1","3.8","200",E01000886
E00004308,"46.86","56.68","21.78","140","51.12","64.5","23.24","170",E01000873
E00004389,"49.925","54","4.875","163","53.6","67.925","4.825","200",E01000886
E00004309,"51.32","57.66","12.76","141.74","51.5","65.2","15.56","196",E01000877
E00004388,"48.525","60.275","4.075","175","50.375","61.575","3.875","212.5",E01000888
E00004257,"36.75","48.1","5.925","151","36","50.55","6.8","163",E01000868
E00004254,"39.92","44.06","8.5","126.38","42.48","57.52","14.68","190",E01000866
E00004255,"39.63333333","51.33333333","7.533333333","184","45","64.16666667","8.766666667","200",E01000864
E00004252,"36.16","50.82","6.32","166.36","45.84","62.06","10.26","166.36",E01000864
E00004253,"28.9375","37.6125","13.5875","112.75","33.9375","42.925","13.4125","128.75",E01000867
E00004250,"50.16666667","55.05","16.68333333","125.3333333","54","67.86666667","9.5","208.3333333",E01000865
E00004251,"50.13333333","67.13333333","8.716666667","170.6666667","61.96666667","79.53333333","10.36666667","170",E01000865
E00004258,"47.3","57.83333333","5.2","143.8","51.66666667","57.03333333","4.766666667","143.9",E01000864
E00004566,"40","44.16666667","7.3","150.6666667","38.4","56.13333333","11","266.6666667",E01000922
E00004567,"39.6","51.06","8.16","160","58","72.16","10.14","200",E01000926
E00004565,"29.2","34.7","9.925","89.975","30.7","41.675","11.35","145",E01000925
E00004562,"53.75","59.75","17.93333333","142.4833333","51.3125","64.7375","18.65","152.5",E01000926
E00004563,"23.91","29.58","10.23","96.96","31.65","38.19","11.41","120.12",E01000922
E00004568,"24.17","31.09","7.32","84.36","27.47777778","39.94444444","9.311111111","110.2",E01000922
E00004569,"33.81666667","44.75","10.025","126.725","52.06666667","57.80833333","11.95","152.475",E01000922
E00004485,"45.02","50.74","8.18","126.4","49","60.52","13.82","176",E01000910
E00004404,"53.3","58.35","8.466666667","151.9333333","57.52857143","63.81428571","12.68571429","156.5714286",E01000894
E00004484,"30.74","42.98","4.88","155.98","35.18","49.9","5.46","180",E01000911
E00004405,"43.31875","61.2625","14.725","153.73125","53.86470588","69.98823529","15.58823529","166.5764706",E01000899
E00004402,"46.63333333","52.16666667","8.9","150.6666667","52","59.03333333","4.866666667","200",E01000896
E00004483,"42.07142857","53.22857143","9.028571429","139.5714286","57.525","61.175","11.2","141.125",E01000910
E00004403,"34.36428571","36.07142857","8.014285714","68.01428571","36.07142857","39.62142857","7.5","81.23571429",E01000899
E00004482,"40.65","53.8","2.5","188","50","63.2","3.175","200",E01000907
E00004400,"36.66666667","48.8","4.266666667","166.6666667","41.5","57.93333333","3.933333333","200",E01000890
E00004481,"16.7","43.44","3.02","200","22.78","52.72","2.8","220",E01000908
E00004401,"41.91428571","50.7","7.828571429","150.2428571","45.6625","60.0125","12.8375","195.6125",E01000894
E00004480,"46.225","53.275","5.25","144.925","51.25","62.975","6.775","175",E01000903
E00004408,"51.72222222","54.87777778","12.81111111","125.2666667","55.4","66.34444444","17.31111111","145.9555556",E01000899
E00004489,"11.275","25.725","3.625","89.7","9.9","30.3","3.3","155",E01000912
E00174663,"20.525","30.675","6.2","106","26.225","45.075","4.5","155.575",E01000855
E00174660,"32.48571429","48.84285714","13.77142857","139.4714286","36.52857143","53.45714286","14.58571429","146.3857143",E01000936
E00174661,"29.76","50.04","10.4","144.4","47.1","59.92","11.84","154",E01000936
E00174666,"9.6","9.25","4.9","13.3","9.35","8.75","4.55","11.8",E01000958
E00174667,"28.71666667","46.18333333","6.983333333","138.6333333","38.77142857","69.72857143","7.242857143","197.1428571",E01000958
E00174664,"17.41666667","23.96666667","6.633333333","51.46666667","22.72","32.46","7.26","97.86",E01000855
E00174665,"40.06","53.3","15.54","136.8","55.26","64.52","18.62","190",E01000937
E00174669,"27.16666667","43.13333333","7.1","126.5666667","38.2","52.46666667","9.833333333","160",E01000901
E00004756,"26.4","46.95","11.45","175","45","57.625","12.925","200",E01000954
E00004757,"23.875","36.45","4.375","143.3","32.575","56.75","7.025","200",E01000954
E00004754,"42.26666667","47.56666667","6.7","131.9833333","51.95","65.63333333","15.45","176.3",E01000952
E00004752,"28.8","41.5875","8.9875","138.25","34.6375","53.95","9.9","165.25",E01000952
E00004753,"42.5","53.15","3.35","160","52.5","69.5","2.7","200",E01000952
E00004750,"13","17.1","5.5875","40.4125","14.7375","24.5875","6.75","80.05",E01000958
E00004751,"29.32857143","48.25714286","9.742857143","143.7142857","34.22857143","58.91428571","10.72857143","164.2857143",E01000953
E00004758,"17.4","45.2","3.2","200","20.3","62","4.7","200",E01000954
E00004759,"39","50.22","9.42","160.8","38.48","51.3","10.58","170.4",E01000954
E00004666,"28.425","33.375","13.19166667","72.81666667","33.22","41.08","11.87","97.33",E01000942
E00004667,"35.775","51.8","10.825","200","48.125","61.875","13.2","200",E01000942
E00004664,"29.56666667","50.8","11.36666667","155","34.41666667","59.98333333","11.95","163.3333333",E01000938
E00004665,"33.54","41.66","12.12","108.8","41.18333333","51.88333333","11.56666667","133.6666667",E01000941
E00004663,"29.35","42.93333333","11.11666667","121.6666667","37.16666667","48.26666667","7.366666667","130",E01000939
E00004661,"37.05","46.15","11.03333333","122","40.26666667","55.31666667","13.51666667","163.2166667",E01000938
E00004668,"37.55","48.375","12.725","122.975","65","74.16666667","11.5","160",E01000940
E00004669,"28.53333333","34.12222222","11.9","81.02222222","32.13333333","44.38888889","15.41111111","102",E01000939
E00004126,"45","51.18","4.74","144.8","48.3","55.66","4.92","161.4",E01000848
E00004127,"33.77142857","45.5","4.442857143","144.1428571","54.64285714","58.07142857","3.3","164.2857143",E01000849
E00004124,"51.63333333","54.93333333","3.233333333","200","56.3","62.7","4.6","200",E01000849
E00004125,"44.7","53.6","3.84","190.4","55.68","61.78","4.54","194",E01000849
E00004122,"37","42.9","6.575","120.925","49.12","60.92","8.34","176",E01000847
E00004120,"50","61.16666667","3.8","200","61.6","79.33333333","5.233333333","233.3333333",E01000842
E00004121,"37.53333333","49.3","5","151.6333333","43.9","60.33333333","4.033333333","157.8666667",E01000844
E00004128,"47.62","52.12","4.82","159.3","54.64","66.56","9.66","176",E01000848
E00004129,"41.32","53.2","7.14","166.4","45.4","56.52","6.78","144.94",E01000848
E00004316,"33.925","49.175","9.1","163","32.28","48.88","10.36","175.98",E01000872
E00004397,"32.43333333","53.26666667","5.7","200","37.83333333","62.26666667","5.166666667","200",E01000889
E00004317,"44.175","50.9375","8.1625","145.4","55.0625","63.3875","8.575","162.75",E01000873
E00004396,"39.06","58.78","4.06","154.4","58.16","73","5.14","180",E01000888
E00004393,"44","48.56666667","2.4","184","50.83333333","55.16666667","3.466666667","184",E01000887
E00004312,"48.625","54.25","9.15","168","55.35","63.15","10.05","187.5",E01000873
E00004392,"47.775","61.05","13.925","153","62.7375","78.825","13.5","196.25",E01000886
E00004313,"35.02","40.92","8.52","111.1","41.98","49.36","7.5","124.42",E01000874
E00004391,"43.6","51.34","3.6","154.74","40.66666667","50.16666667","3.516666667","136.8833333",E01000888
E00004310,"41.4625","56.85","11.725","163.3625","58.6625","72.35","12.85","171.25",E01000874
E00004311,"44.98","56.44","7.28","156.56","54.4","67.44","4.66","200",E01000871
E00004390,"44.975","53.65","1.9","176","51.875","64.625","1.925","200",E01000887
E00004318,"37.9","47.18181818","7.490909091","124.0090909","43.99090909","54.00909091","13.28181818","123.3181818",E01000873
E00004399,"50","57","7.033333333","200","54.93333333","70.5","5.333333333","200",E01000889
E00004319,"35.48","42.06","2.86","122.32","43.58","51.52","4.18","166.4",E01000872
E00004398,"39.43333333","53.63333333","6.066666667","166.6666667","61.4","62.43333333","6.633333333","183.3333333",E01000888
E00004226,,,,,"63.125","71.875","8.925","175",E01000857
E00004227,"45.58","48.88","4.58","166.22","54.54","64.56","6","173.28",E01000860
E00004224,"33.37","41.61","6.81","124.98","33.54","46.67","6.72","141.79",E01000859
E00004225,"23.12105263","28.17368421","7.294736842","76.93684211","24.18","32.51","6.505","99.505",E01000863
E00004222,"49.96666667","57.43333333","7.7","166.6666667","51.66666667","68.3","7","200",E01000857
E00004223,"29.775","32.8","9.75","74.4","34.3375","41.4625","16.3125","107.4375",E01000856
E00004221,"50","50.75","6.8","176","54.9","67.4","7.55","200",E01000857
E00004228,"55.91428571","66.45714286","8.314285714","165.0285714","63.91428571","71.81428571","8.928571429","175.7142857",E01000859
E00004229,"20.78333333","31.38333333","4.783333333","111.9","23.93333333","38.26666667","4.016666667","111.2333333",E01000862
E00004574,"38.66","59.44","13.04","190.4","60","77.9","11.96","200",E01000927
E00004575,"23.55","32.325","4.7","129.55","36.375","45.675","5.25","154.55",E01000921
E00004572,"27.04","34.36","9.64","90.08","33.32","39.88","8.34","97.52",E01000927
E00004573,"35.2","42.74444444","8.344444444","123.5666667","33.1","46.5","9.266666667","156.2222222",E01000927
E00004570,"26.26666667","43.16666667","12.81666667","159.3333333","35.51428571","58.3","10.84285714","155.7142857",E01000927
E00004571,"33.925","48.4","10.975","163","36.6","60.5","15.55","187.5",E01000927
E00004416,"28.35","43.55","4.55","150","29.725","49.975","4.075","175",E01000893
E00004497,"31.3","42.1","2.4","150.6666667","31.6","48.16666667","2.066666667","150.6666667",E01000907
E00004417,"38.92857143","47.87142857","10.54285714","110.9714286","43.6875","51.525","11.675","124.175",E01000894
E00004496,"24.82222222","38.56666667","4.177777778","120.8111111","38.32222222","55.97777778","4.788888889","163.4222222",E01000913
E00004414,"34.2","54.35","2.3","200","69.125","78.225","2.025","225",E01000893
E00004495,"46.9625","43.8875","1.95","107.475","56.85","50.6125","6.3125","115.0625",E01000913
E00004494,"46.87368421","54.61052632","10.75789474","123.7210526","67.9","67.84210526","10.42631579","149.5684211",E01000913
E00004415,"33.03333333","43.01111111","6.255555556","132.0888889","35.26666667","46.37777778","6.666666667","156.6333333",E01000895
E00004493,"39.025","50.45","4.55","163","44.95","56.65","4.125","163",E01000908
E00004412,"45.86","55.3","3.86","171.2","50.4","58.68","4.72","152.8",E01000893
E00004410,"42.8375","51.375","6.975","136.8625","50.425","63.125","9.2875","158.85",E01000895
E00004491,"29.76666667","48.73333333","5.533333333","200","34.1","53.13333333","7.7","183.3333333",E01000912
E00004418,"20.81666667","43.11666667","3.533333333","135.15","26.93333333","51.06666667","4.05","159.8333333",E01000893
E00004499,"50.13","59.51","12.13","164.6","56.33","67.08","12.23","170.28",E01000913
E00004419,"21.34166667","33.5","4.666666667","117.2666667","22.13846154","41.26153846","5.684615385","133.9307692",E01000895
E00004498,"50","49.93333333","3.666666667","184","50.43333333","56.76666667","4","184",E01000907
E00174672,"6.6","27.16666667","3","95.7","16.6","26.6","2.233333333","94.86666667",E01000898
E00174670,"13.9","17.33333333","3.066666667","38.9","17.96666667","20.66666667","2.333333333","56.43333333",E01000898
E00174671,"20.10769231","31.8","8.515384615","82.65384615","22.56428571","39.36428571","7.357142857","110.1714286",E01000920
E00174676,,,,,,,,,E01000852
E00174675,"26.9","30.71666667","10.55833333","67.9","30.31666667","46.26666667","13.06666667","131.325",E01000920
E00174678,"21.34","24.56","5.1","77.28","18.38333333","25.35","4.633333333","93.18333333",E01000963
E00174679,"21.7","43.4","12.9","152","40","54.2","15.7","200",E01000937
E00004727,"30.16","46.92","8.18","146.36","43.7","58.58","13.64","186",E01000956
E00004724,"36.98333333","46.03333333","8.15","150.6666667","39.8","51.78333333","12","150",E01000956
E00004720,"31.4","36.1","8.7","79.9","27.45","34.2","6.6","79.6",E01000949
E00004721,"33.6","45.03333333","8.766666667","168","37.76666667","54.1","7.033333333","200",E01000950
E00004676,"35.71428571","47.35714286","16.94285714","123.7142857","43.85","56.63333333","15.48333333","158.3333333",E01000942
E00004677,"26.8","38.88333333","5.916666667","137.1833333","36.38333333","49.46666667","8.066666667","137.4",E01000940
E00004674,"29.52","45.72","7.78","144.98","47.44","57.56","7.62","164.44",E01000941
E00004675,"32.3","41.075","18.425","114.75","49.75","51.025","14.85","142.5",E01000940
E00004673,"29.86","45.76","14","150.4","35.36","51.8","15.7","190",E01000941
E00004670,"30.1","42.35","10.43333333","126.6666667","34.35","51.43333333","13.15","153.3333333",E01000939
E00004671,"25.06","37.12","8.87","113.21","25.48","43.94","9.31","137.07",E01000936
E00004678,"22.28571429","38.27142857","10.15714286","115.1714286","28.82857143","46.32857143","13","150.5428571",E01000937
E00004679,"23.7","37.95","12.525","114.725","33.65","46.975","14.55","117.5",E01000941
E00004137,"40.825","46.5","5.05","143.725","51.9","61.35","5.475","163.75",E01000848
E00004134,"71.6","70.88333333","24.21666667","158.6666667","67","74.56666667","17.38333333","166.6666667",E01000843
E00004135,"46","45.76","5.66","104.4","50.5","62.14","6.38","190",E01000849
E00004132,"63.675","74.625","6.725","200","83.5","93.35","22.1","200",E01000848
E00004133,"42.9","57.4","3.266666667","184","62.5","78.76666667","2.566666667","200",E01000849
E00004130,"32.975","56.475","2.325","188","45.05","67.4","3.6","225",E01000849
E00004131,"57.925","71.025","2.8","200","64.45","83.875","14.6","200",E01000848
E00004138,"44.2","56.775","4.675","163","44.175","61","4.45","175",E01000843
E00004139,"9.766666667","9.533333333","3.833333333","16.6","9.866666667","10.03333333","5.933333333","14.2",E01000843
E00004236,"46.36666667","52.06666667","8.383333333","147.3333333","51.51666667","63.66666667","5.766666667","166.6666667",E01000861
E00004237,"25.41428571","41.3","8.742857143","157.7142857","29.48571429","48.74285714","8.471428571","171.7142857",E01000861
E00004234,"16.23333333","37.46666667","6.033333333","135.7166667","26.76666667","43.81666667","4.7","151.9833333",E01000862
E00004235,"23.59","36.05","6.76","107.08","29.78","39.42","7.48","113.97",E01000863
E00004233,"38.53333333","44.23333333","5.233333333","141.9833333","37.26666667","49.93333333","5.733333333","158.9",E01000859
E00004230,"37.83333333","44.56666667","2.633333333","150.6666667","39.2","55.26666667","6.066666667","200",E01000861
E00004231,"36.41666667","53.88333333","4.983333333","184","48.96666667","68.01666667","4.4","208.6666667",E01000859
E00004238,"41.04","51","4.4","154.08","56.55","68.925","4.225","188",E01000862
E00004736,"19.98333333","36.33333333","6.333333333","127.2","38.3","48.83333333","8","137.8333333",E01000957
E00004735,"25","46.16666667","6.633333333","166.6666667","39.6","46.66666667","6.033333333","150",E01000957
E00004732,"24.41666667","34.93333333","7.65","104.15","27.76666667","40","7.183333333","112.5",E01000957
E00004731,"22.87142857","31.77857143","8.385714286","88.78571429","28.57692308","35.58461538","9.515384615","97.17692308",E01000956
E00004738,"40.81666667","44.83333333","5.916666667","128","47.9","55.73333333","5.816666667","158.6666667",E01000957
E00004739,"50.625","55.275","5.3","175","53.275","59.725","5.3","175",E01000957
E00004646,"28.56","49.1","10","166.38","32.7","55.13333333","10.63333333","163.6666667",E01000941
E00004647,"25.66666667","44.17777778","11.08888889","136","40.89","60.64","12.3","175",E01000938
E00004642,"38.875","53.625","15.1","200","34.7","56.2","15.325","187.5",E01000929
E00004643,"29.33333333","37.13333333","7.5","113.0666667","29.43333333","40.51666667","7.183333333","146",E01000930
E00004641,"40.72","51.7","11.6","150","57.94","66.24","13.76","180",E01000934
E00004649,"22.45","40.225","8.525","150.5","21.85","45.175","8.775","175.5",E01000943
E00004187,"32.28928571","44.95357143","12.75357143","110.1392857","54.47777778","63.93703704","13.57037037","149.0814815",E01000851
E00004185,"27.6875","36.5375","12.25","96.6","29.6125","41.875","8.2625","121.325",E01000854
E00004184,"31.92","37.58","13.18","110.8","40.44","51.8","13.4","170",E01000852
E00004183,"24.24","34.28","9.62","100","29.08","44.46","15.24","140",E01000853
E00004182,"28.12","36.94","7.02","109.28","33.16","42.58","8.78","109.28",E01000853
E00004180,"30.6","49.08333333","11.71666667","145.2833333","32.05","52.71666667","12.08333333","148.8",E01000853
E00004189,"25.57142857","31.55714286","14.66428571","59.19285714","21.06875","31.5","12.275","75.0375",E01000854
E00004366,"17.25","33.2","7.85","100","18.05","39.35","7.95","200",E01000890
E00004364,"29.87142857","48.05714286","11.05714286","137","51.31428571","64.34285714","10.57142857","160",E01000891
E00004365,"46.03333333","47.2","2.433333333","153.7333333","49.93333333","56.2","2.166666667","155.1",E01000887
E00004362,"40.11666667","61.33333333","4.816666667","183.3333333","68.18333333","76.88333333","5.866666667","191.6666667",E01000889
E00004360,"20.5","42","8.75","154.4166667","28.1","50.58333333","5.65","170.65",E01000880
E00004361,"42.6375","50.1625","9.0875","121.45","56.4","55.4875","10.675","121.4875",E01000879
E00004368,"37.43333333","44.28333333","3.6","137.8166667","44.38333333","55.63333333","4.5","180",E01000892
E00004369,"40","44.15","4","176","58.43333333","73.53333333","4.766666667","200",E01000890
